{"status":true,"points":[["118.407588","31.366493","1"],["117.312532","31.796666","1"],["117.349464","32.916031","2"],["118.746773","30.936405","2"],["116.569036","31.762035","2"],["117.335745","31.890401","2"],["118.415513","31.38419","2"],["117.311617","31.904376","2"],["118.323499","32.277776","2"]],"zoom":8,"scontent":["\r\n\t\t\t\t\t\t\t\r\n\t\t\t\t\t<dl class=\"fl \">\r\n\t\t\t\t\t\t<dt>\u829c\u6e56\u5fbd\u5b89<\/dt>\r\n\t\t\t\t\t\t<dd><span>\u516c\u53f8\u5730\u5740\uff1a<\/span>\u829c\u6e56\u5e02\u7ecf\u6d4e\u5f00\u53d1\u533a\u4e9a\u590f\u6c7d\u8f66\u57ce<\/dd>\r\n\t\t\t\t\t\t<dd><span>\u8054\u7cfb\u7535\u8bdd\uff1a<\/span>13305519678<\/dd>\r\n\t\t\t\t\t\t<dd><span class=\"address_space\"><\/span>0551-64282800<\/dd>\r\n\t\t\t\t\t<\/dl>\r\n\t\t\t\t","\r\n\t\t\t\t\t\t\t\r\n\t\t\t\t\t<dl class=\"fl \">\r\n\t\t\t\t\t\t<dt>\u5b89\u5fbd\u9646\u6613<\/dt>\r\n\t\t\t\t\t\t<dd><span>\u516c\u53f8\u5730\u5740\uff1a<\/span>\u5408\u80a5\u5e02\u5305\u6cb3\u533a\u7e41\u534e\u5927\u9053\u4e0e\u5e90\u5dde\u5927\u9053\u4ea4\u53c9\u53e3\u5411\u5357200\u7c73<\/dd>\r\n\t\t\t\t\t\t<dd><span>\u8054\u7cfb\u7535\u8bdd\uff1a<\/span>0551-63717706<\/dd>\r\n\t\t\t\t\t\t<dd><span class=\"address_space\"><\/span><\/dd>\r\n\t\t\t\t\t<\/dl>\r\n\t\t\t\t","\r\n\t\t\t\t\t\t\t\r\n\t\t\t\t\t<dl class=\"fl  last\">\r\n\t\t\t\t\t\t<dt>\u5408\u80a5\u9646\u6613<\/dt>\r\n\t\t\t\t\t\t<dd><span>\u516c\u53f8\u5730\u5740\uff1a<\/span>\u5b89\u5fbd\u7701\u868c\u57e0\u5e02\u79b9\u4f1a\u533a\u8363\u76db\u9526\u7ee3\u9999\u5824\u5c0f\u533a\u4e8c\u671f\u7b2c1\u53f7\u5546\u4e1a1\u5c4200011\u53f7<\/dd>\r\n\t\t\t\t\t\t<dd><span>\u8054\u7cfb\u7535\u8bdd\uff1a<\/span>0552-3555550<\/dd>\r\n\t\t\t\t\t\t<dd><span class=\"address_space\"><\/span><\/dd>\r\n\t\t\t\t\t<\/dl>\r\n\t\t\t\t","\r\n\t\t\t\t\t\t\t\r\n\t\t\t\t\t<dl class=\"fl \">\r\n\t\t\t\t\t\t<dt>\u5b89\u5fbd\u6210\u8f89<\/dt>\r\n\t\t\t\t\t\t<dd><span>\u516c\u53f8\u5730\u5740\uff1a<\/span>\u5b89\u5fbd\u7701\u5e7f\u5fb7\u53bf\u4e9a\u590f\u6c7d\u8f66\u57ce\u5317\u5927\u95e8\u7efc\u5408\u697c\u4e00\u680b<\/dd>\r\n\t\t\t\t\t\t<dd><span>\u8054\u7cfb\u7535\u8bdd\uff1a<\/span><\/dd>\r\n\t\t\t\t\t\t<dd><span class=\"address_space\"><\/span><\/dd>\r\n\t\t\t\t\t<\/dl>\r\n\t\t\t\t","\r\n\t\t\t\t\t\t\t\r\n\t\t\t\t\t<dl class=\"fl \">\r\n\t\t\t\t\t\t<dt>\u9646\u6613\u516d\u5b89\u8f66\u57ce\u5e97<\/dt>\r\n\t\t\t\t\t\t<dd><span>\u516c\u53f8\u5730\u5740\uff1a<\/span>\u516d\u5b89\u5e02\u56fd\u9645\u6c7d\u8f66\u57ceA13\u5c55\u5385<\/dd>\r\n\t\t\t\t\t\t<dd><span>\u8054\u7cfb\u7535\u8bdd\uff1a<\/span><\/dd>\r\n\t\t\t\t\t\t<dd><span class=\"address_space\"><\/span><\/dd>\r\n\t\t\t\t\t<\/dl>\r\n\t\t\t\t","\r\n\t\t\t\t\t\t\t\r\n\t\t\t\t\t<dl class=\"fl  last\">\r\n\t\t\t\t\t\t<dt>\u9646\u6613\u5408\u80a5\u540c\u57ce\u5e97<\/dt>\r\n\t\t\t\t\t\t<dd><span>\u516c\u53f8\u5730\u5740\uff1a<\/span>\u5b89\u5fbd\u56fd\u9645\u6c7d\u8f66\u57ceG\u5ea7\u5c55\u5385<\/dd>\r\n\t\t\t\t\t\t<dd><span>\u8054\u7cfb\u7535\u8bdd\uff1a<\/span><\/dd>\r\n\t\t\t\t\t\t<dd><span class=\"address_space\"><\/span><\/dd>\r\n\t\t\t\t\t<\/dl>\r\n\t\t\t\t","\r\n\t\t\t\t\t\t\t\r\n\t\t\t\t\t<dl class=\"fl \">\r\n\t\t\t\t\t\t<dt>\u829c\u6e56\u76f4\u8425\u5e97<\/dt>\r\n\t\t\t\t\t\t<dd><span>\u516c\u53f8\u5730\u5740\uff1a<\/span>\u829c\u6e56\u5e02\u4e07\u6625\u897f\u8def32\u53f7<\/dd>\r\n\t\t\t\t\t\t<dd><span>\u8054\u7cfb\u7535\u8bdd\uff1a<\/span>0553-64282800<\/dd>\r\n\t\t\t\t\t\t<dd><span class=\"address_space\"><\/span><\/dd>\r\n\t\t\t\t\t<\/dl>\r\n\t\t\t\t","\r\n\t\t\t\t\t\t\t\r\n\t\t\t\t\t<dl class=\"fl \">\r\n\t\t\t\t\t\t<dt>\u5b89\u5e86\u76f4\u8425\u5e97<\/dt>\r\n\t\t\t\t\t\t<dd><span>\u516c\u53f8\u5730\u5740\uff1a<\/span>\u5b89\u5e86\u82f1\u5fb7\u5229\u56fd\u9645\u6c7d\u8f66\u57ce7\u680b13\u53f7<\/dd>\r\n\t\t\t\t\t\t<dd><span>\u8054\u7cfb\u7535\u8bdd\uff1a<\/span>0553-5865558<\/dd>\r\n\t\t\t\t\t\t<dd><span class=\"address_space\"><\/span><\/dd>\r\n\t\t\t\t\t<\/dl>\r\n\t\t\t\t","\r\n\t\t\t\t\t\t\t\r\n\t\t\t\t\t<dl class=\"fl  last\">\r\n\t\t\t\t\t\t<dt>\u6ec1\u5dde\u91d1\u4fe1<\/dt>\r\n\t\t\t\t\t\t<dd><span>\u516c\u53f8\u5730\u5740\uff1a<\/span>\u5b89\u5fbd\u7701\u6ec1\u5dde\u5e02\u4e30\u4e50\u5357\u8def281\u53f7\uff08\u6ec1\u5dde\u957f\u6c5f\u5546\u8d38\u57ce\u7696\u4e1c\u6c7d\u8f66\u57ceB\u533a6\u5e62113\u53f7\uff09<\/dd>\r\n\t\t\t\t\t\t<dd><span>\u8054\u7cfb\u7535\u8bdd\uff1a<\/span>0550-3163588<\/dd>\r\n\t\t\t\t\t\t<dd><span class=\"address_space\"><\/span><\/dd>\r\n\t\t\t\t\t<\/dl>\r\n\t\t\t\t"],"html":"<div class=\"address_wrap clearfix\">\r\n\t\t\t\t\t\t\t\r\n\t\t\t\t\t<dl class=\"fl \">\r\n\t\t\t\t\t\t<dt>\u829c\u6e56\u5fbd\u5b89<\/dt>\r\n\t\t\t\t\t\t<dd><span>\u516c\u53f8\u5730\u5740\uff1a<\/span>\u829c\u6e56\u5e02\u7ecf\u6d4e\u5f00\u53d1\u533a\u4e9a\u590f\u6c7d\u8f66\u57ce<\/dd>\r\n\t\t\t\t\t\t<dd><span>\u8054\u7cfb\u7535\u8bdd\uff1a<\/span>13305519678<\/dd>\r\n\t\t\t\t\t\t<dd><span class=\"address_space\"><\/span>0551-64282800<\/dd>\r\n\t\t\t\t\t<\/dl>\r\n\t\t\t\t\r\n\t\t\t\t\t\t\t\r\n\t\t\t\t\t<dl class=\"fl \">\r\n\t\t\t\t\t\t<dt>\u5b89\u5fbd\u9646\u6613<\/dt>\r\n\t\t\t\t\t\t<dd><span>\u516c\u53f8\u5730\u5740\uff1a<\/span>\u5408\u80a5\u5e02\u5305\u6cb3\u533a\u7e41\u534e\u5927\u9053\u4e0e\u5e90\u5dde\u5927\u9053\u4ea4\u53c9\u53e3\u5411\u5357200\u7c73<\/dd>\r\n\t\t\t\t\t\t<dd><span>\u8054\u7cfb\u7535\u8bdd\uff1a<\/span>0551-63717706<\/dd>\r\n\t\t\t\t\t\t<dd><span class=\"address_space\"><\/span><\/dd>\r\n\t\t\t\t\t<\/dl>\r\n\t\t\t\t\r\n\t\t\t\t\t\t\t\r\n\t\t\t\t\t<dl class=\"fl  last\">\r\n\t\t\t\t\t\t<dt>\u5408\u80a5\u9646\u6613<\/dt>\r\n\t\t\t\t\t\t<dd><span>\u516c\u53f8\u5730\u5740\uff1a<\/span>\u5b89\u5fbd\u7701\u868c\u57e0\u5e02\u79b9\u4f1a\u533a\u8363\u76db\u9526\u7ee3\u9999\u5824\u5c0f\u533a\u4e8c\u671f\u7b2c1\u53f7\u5546\u4e1a1\u5c4200011\u53f7<\/dd>\r\n\t\t\t\t\t\t<dd><span>\u8054\u7cfb\u7535\u8bdd\uff1a<\/span>0552-3555550<\/dd>\r\n\t\t\t\t\t\t<dd><span class=\"address_space\"><\/span><\/dd>\r\n\t\t\t\t\t<\/dl>\r\n\t\t\t\t\r\n\t\t\t\t\t<\/div>\r\n\t\t\t\t\t<div class=\"address_wrap clearfix\">\r\n\t\t\t\t\t\r\n\t\t\t\t\t\t\t\r\n\t\t\t\t\t<dl class=\"fl \">\r\n\t\t\t\t\t\t<dt>\u5b89\u5fbd\u6210\u8f89<\/dt>\r\n\t\t\t\t\t\t<dd><span>\u516c\u53f8\u5730\u5740\uff1a<\/span>\u5b89\u5fbd\u7701\u5e7f\u5fb7\u53bf\u4e9a\u590f\u6c7d\u8f66\u57ce\u5317\u5927\u95e8\u7efc\u5408\u697c\u4e00\u680b<\/dd>\r\n\t\t\t\t\t\t<dd><span>\u8054\u7cfb\u7535\u8bdd\uff1a<\/span><\/dd>\r\n\t\t\t\t\t\t<dd><span class=\"address_space\"><\/span><\/dd>\r\n\t\t\t\t\t<\/dl>\r\n\t\t\t\t\r\n\t\t\t\t\t\t\t\r\n\t\t\t\t\t<dl class=\"fl \">\r\n\t\t\t\t\t\t<dt>\u9646\u6613\u516d\u5b89\u8f66\u57ce\u5e97<\/dt>\r\n\t\t\t\t\t\t<dd><span>\u516c\u53f8\u5730\u5740\uff1a<\/span>\u516d\u5b89\u5e02\u56fd\u9645\u6c7d\u8f66\u57ceA13\u5c55\u5385<\/dd>\r\n\t\t\t\t\t\t<dd><span>\u8054\u7cfb\u7535\u8bdd\uff1a<\/span><\/dd>\r\n\t\t\t\t\t\t<dd><span class=\"address_space\"><\/span><\/dd>\r\n\t\t\t\t\t<\/dl>\r\n\t\t\t\t\r\n\t\t\t\t\t\t\t\r\n\t\t\t\t\t<dl class=\"fl  last\">\r\n\t\t\t\t\t\t<dt>\u9646\u6613\u5408\u80a5\u540c\u57ce\u5e97<\/dt>\r\n\t\t\t\t\t\t<dd><span>\u516c\u53f8\u5730\u5740\uff1a<\/span>\u5b89\u5fbd\u56fd\u9645\u6c7d\u8f66\u57ceG\u5ea7\u5c55\u5385<\/dd>\r\n\t\t\t\t\t\t<dd><span>\u8054\u7cfb\u7535\u8bdd\uff1a<\/span><\/dd>\r\n\t\t\t\t\t\t<dd><span class=\"address_space\"><\/span><\/dd>\r\n\t\t\t\t\t<\/dl>\r\n\t\t\t\t\r\n\t\t\t\t\t<\/div>\r\n\t\t\t\t\t<div class=\"address_wrap clearfix\">\r\n\t\t\t\t\t\r\n\t\t\t\t\t\t\t\r\n\t\t\t\t\t<dl class=\"fl \">\r\n\t\t\t\t\t\t<dt>\u829c\u6e56\u76f4\u8425\u5e97<\/dt>\r\n\t\t\t\t\t\t<dd><span>\u516c\u53f8\u5730\u5740\uff1a<\/span>\u829c\u6e56\u5e02\u4e07\u6625\u897f\u8def32\u53f7<\/dd>\r\n\t\t\t\t\t\t<dd><span>\u8054\u7cfb\u7535\u8bdd\uff1a<\/span>0553-64282800<\/dd>\r\n\t\t\t\t\t\t<dd><span class=\"address_space\"><\/span><\/dd>\r\n\t\t\t\t\t<\/dl>\r\n\t\t\t\t\r\n\t\t\t\t\t\t\t\r\n\t\t\t\t\t<dl class=\"fl \">\r\n\t\t\t\t\t\t<dt>\u5b89\u5e86\u76f4\u8425\u5e97<\/dt>\r\n\t\t\t\t\t\t<dd><span>\u516c\u53f8\u5730\u5740\uff1a<\/span>\u5b89\u5e86\u82f1\u5fb7\u5229\u56fd\u9645\u6c7d\u8f66\u57ce7\u680b13\u53f7<\/dd>\r\n\t\t\t\t\t\t<dd><span>\u8054\u7cfb\u7535\u8bdd\uff1a<\/span>0553-5865558<\/dd>\r\n\t\t\t\t\t\t<dd><span class=\"address_space\"><\/span><\/dd>\r\n\t\t\t\t\t<\/dl>\r\n\t\t\t\t\r\n\t\t\t\t\t\t\t\r\n\t\t\t\t\t<dl class=\"fl  last\">\r\n\t\t\t\t\t\t<dt>\u6ec1\u5dde\u91d1\u4fe1<\/dt>\r\n\t\t\t\t\t\t<dd><span>\u516c\u53f8\u5730\u5740\uff1a<\/span>\u5b89\u5fbd\u7701\u6ec1\u5dde\u5e02\u4e30\u4e50\u5357\u8def281\u53f7\uff08\u6ec1\u5dde\u957f\u6c5f\u5546\u8d38\u57ce\u7696\u4e1c\u6c7d\u8f66\u57ceB\u533a6\u5e62113\u53f7\uff09<\/dd>\r\n\t\t\t\t\t\t<dd><span>\u8054\u7cfb\u7535\u8bdd\uff1a<\/span>0550-3163588<\/dd>\r\n\t\t\t\t\t\t<dd><span class=\"address_space\"><\/span><\/dd>\r\n\t\t\t\t\t<\/dl>\r\n\t\t\t\t<\/div>"}