{"address_line_1":"\u5317\u4eac\u5e02\u671d\u9633\u533a\u5efa\u5916SOHO\u897f\u533a\u8f66\u573aB2","address_line_2":"","address_notes":"","address":"\u5317\u4eac\u5e02\u671d\u9633\u533a\u5efa\u5916SOHO\u897f\u533a\u8f66\u573aB2","amenities":"","baidu_lat":"39.9116500000","baidu_lng":"116.4618100000","chargers":"<p><b>\u5145\u7535\u6869<\/b> 4\u4e2a\uff08\u8bf7\u63d0\u524d\u81f4\u7535\u786e\u8ba4\u9884\u7ea6\uff09<br \/><b>\u6536\u8d39\u6807\u51c6<\/b> \u8be6\u60c5\u89c1\u4e1a\u4e3b<\/p>","city":"\u5317\u4eac","common_name":"","country":"\u4e2d\u56fd\u5927\u9646","destination_charger_logo":"","destination_website":"","directions_link":"http:\/\/map.baidu.com\/?newmap=1&ie=utf-8&s=s%26wd%3D\u5317\u4eac\u5e02\u671d\u9633\u533a\u5efa\u5916SOHO\u897f\u533a\u8f66\u573aB2","emails":[],"geocode":"ecgcaatgtcatggggagag","hours":"<p><b>\u5f00\u653e\u65f6\u95f4<\/b><br \/>\u5168\u5929\u5f00\u653e<\/p>","is_gallery":false,"kiosk_pin_x":"0","kiosk_pin_y":"0","kiosk_zoom_pin_x":"0","kiosk_zoom_pin_y":"0","latitude":"39.9116500000","location_id":"cndc533871","location_type":["destination charger"],"longitude":"116.4618100000","nid":"34473","open_soon":"0","path":"\/cndc533871","postal_code":"","province_state":"\u5317\u4eac","region":"asia_pacific","sales_phone":[{"label":"\u8054\u7cfb\u7535\u8bdd","number":"010-58696690","line_below":""},{"label":"\u7279\u65af\u62c9\u8f66\u4e3b\u670d\u52a1","number":"400-910-0707","line_below":""}],"sales_representative":false,"sub_region":"China","title":"\u5317\u4eac\u5efa\u5916SOHO\uff08\u65b0\u56fd\u6807\uff09","trt_id":"0"}